date,disaster_type,severity,affected_area_km2,casualties,displaced,damage_million_usd,geometry
2018-04-21,Flood,Extreme,201,420,1260,1620.7745,"POLYGON ((21.75 -11.458018780516833, 21.75 -11.25, 21.256743113965566 -11.25, 21.27979230762309 -11.724835737855168, 21.75 -11.947191290568322, 21.75 -11.458018780516833))"
2023-07-12,Cyclone,Moderate,170,70,630,85.2936,"POLYGON ((21.75 -11.960772600199657, 21.75 -11.605818557134484, 21.393935074478755 -11.60276946621596, 21.09692744749593 -11.960772600199657, 21.310731401887846 -12, 21.75 -12, 21.75 -11.960772600199657))"
2022-07-08,Cyclone,Extreme,128,990,2970,3583.4198,"POLYGON ((21.584463815458143 -11.305917229078798, 21 -11.25, 21 -11.594268231681127, 21.584463815458143 -11.305917229078798))"
2016-08-19,Cyclone,Extreme,284,840,8400,3676.38,"POLYGON ((21.75 -11.652894070672472, 21.234049774205523 -11.25, 21.268721527504997 -12, 21.75 -11.652894070672472))"
2015-09-17,Landslide,Severe,406,400,2000,588.5598,"POLYGON ((21.75 -11.28502543636124, 21.574825628209098 -11.25, 21.22110634787185 -11.25, 21.047899729689824 -11.28502543636124, 21.23750631687236 -11.566251002700676, 21.559334568311463 -11.561222752825383, 21.75 -11.28502543636124))"
2017-09-01,Cyclone,Severe,73,200,600,531.2285,"POLYGON ((21.75 -11.857040012390444, 21.75 -11.25, 21 -11.25, 21 -11.857040012390444, 21 -12, 21.75 -12, 21.75 -11.857040012390444))"
2020-06-02,Drought,Severe,389,100,900,239.796,"POLYGON ((21.75 -11.9048909256156, 21.75 -11.447353909373765, 21.40496722503202 -11.25, 21 -11.621445439342835, 21.105429177865666 -12, 21.417071965212582 -12, 21.75 -12, 21.75 -11.9048909256156))"
2021-12-12,Cyclone,Extreme,497,740,5180,3818.2217,"POLYGON ((21.75 -11.26488570795149, 21.233551196337068 -11.25, 21.272691466126133 -11.633703257677539, 21.75 -11.26488570795149))"
2017-02-02,Drought,Severe,330,400,2000,1630.123,"POLYGON ((21.75 -11.874820831281943, 21.379340811112883 -11.639901038938303, 21.34315736259532 -12, 21.75 -11.874820831281943))"
2019-08-19,Flood,Moderate,140,14,112,57.814,"POLYGON ((21.56916178462394 -11.437364222901707, 21.314914720357862 -11.25, 21 -11.25, 21 -11.437364222901707, 21 -11.830281621474635, 21.35107434652864 -11.866090984335521, 21.56916178462394 -11.437364222901707))"
2023-03-11,Landslide,Minor,67,88,880,520.4168,"POLYGON ((21.75 -11.957725142802826, 21.18049568970749 -11.35598004045231, 21 -11.957725142802826, 21.18049568970749 -12, 21.75 -11.957725142802826))"
2024-02-01,Landslide,Severe,490,325,1300,1095.8693,"POLYGON ((21.386408204145784 -11.764902488462468, 21.210377132210166 -11.552936487976357, 21 -11.46617844398747, 21 -11.626194881018069, 21 -11.8754669461777, 21 -12, 21.19617513613761 -11.959059749157955, 21.386408204145784 -11.764902488462468))"
2025-04-14,Drought,Moderate,335,118,590,419.03,"POLYGON ((21.75 -11.99701333724111, 21.41940281761941 -11.25, 21 -11.33692509427611, 21 -12, 21.409207840322797 -12, 21.75 -11.99701333724111))"
2017-04-20,Landslide,Moderate,289,112,560,180.6308,"POLYGON ((21.331743087585973 -11.636900957528185, 21.25525002970756 -11.440039868845902, 21.050046852094276 -11.425671706783712, 21 -11.548625194130022, 21 -11.713492868954717, 21.04882028122227 -11.853504166390328, 21.208099076368875 -11.77463662084077, 21.331743087585973 -11.636900957528185))"
2024-10-27,Cyclone,Minor,422,63,315,127.723,"POLYGON ((21.553640909577666 -11.537771861187199, 21.40107571639994 -11.25, 21 -11.25, 21 -11.323658817530589, 21 -11.757355594441632, 21 -11.99457317456225, 21.44816013147689 -11.98903725002589, 21.553640909577666 -11.537771861187199))"
2016-01-10,Flood,Extreme,517,230,1610,551.6438,"POLYGON ((21.75 -11.880169746075037, 21.185715075194015 -11.429626205738344, 21.097033662875226 -12, 21.75 -11.880169746075037))"
2015-11-25,Drought,Severe,217,320,2240,1032.6703,"POLYGON ((21.716462350005536 -11.411405701864986, 21.432796601573674 -11.25, 21 -11.25, 21 -11.775079961209169, 21.4504155794513 -11.93095746149687, 21.716462350005536 -11.411405701864986))"
2024-09-03,Landslide,Moderate,117,110,330,615.6642,"POLYGON ((21.75 -11.508679034971228, 21.75 -11.25, 21.133186834010534 -11.25, 21 -11.25, 21 -11.774917942120377, 21.141255465279833 -12, 21.75 -12, 21.75 -11.508679034971228))"
2024-10-05,Landslide,Severe,542,125,1000,215.901,"POLYGON ((21.75 -11.818316322569698, 21.75 -11.25, 21.050704694369585 -11.25, 21 -11.310333305183866, 21 -12, 21.062437458123465 -12, 21.75 -12, 21.75 -11.818316322569698))"
2017-12-20,Drought,Minor,379,4,12,16.1104,"POLYGON ((21.75 -11.964094294762381, 21.09216858349715 -11.42916206530013, 21.0928409000648 -12, 21.75 -11.964094294762381))"
2024-05-18,Flood,Moderate,482,40,120,239.1088,"POLYGON ((21.533970972329367 -11.557938599319176, 21 -11.25, 21 -11.973262672608042, 21.533970972329367 -11.557938599319176))"
2020-05-06,Drought,Minor,96,75,450,81.3607,"POLYGON ((21.75 -11.643468183779321, 21.75 -11.25, 21.00138604427495 -11.25, 21 -11.643468183779321, 21 -12, 21.75 -12, 21.75 -11.643468183779321))"
2016-01-07,Landslide,Extreme,379,100,800,377.9369,"POLYGON ((21.75 -11.28379738639571, 21.005840179056626 -11.25, 21.166358939815563 -11.973801416558603, 21.75 -11.28379738639571))"
2018-03-16,Drought,Extreme,476,850,3400,1318.6338,"POLYGON ((21.75 -11.435675736858522, 21.75 -11.25, 21.312323915965216 -11.25, 21.005081487684528 -11.435675736858522, 21.355971399705954 -11.844725641591824, 21.75 -12, 21.75 -11.435675736858522))"
2016-12-28,Drought,Moderate,240,78,312,251.7652,"POLYGON ((21.644952577728855 -11.480537908649318, 21.26391758140478 -11.25, 21 -11.25, 21 -11.727130941515561, 21.236293258443904 -11.911976047472976, 21.644952577728855 -11.480537908649318))"
2022-12-03,Landslide,Severe,193,265,1855,369.0507,"POLYGON ((21.73770827911255 -11.841036839709938, 21.365135801599806 -11.292743686371452, 21 -11.387704166372831, 21 -12, 21.392272611913114 -12, 21.73770827911255 -11.841036839709938))"
2017-07-04,Cyclone,Extreme,473,580,3480,1246.7142,"POLYGON ((21.75 -11.351908978967579, 21.75 -11.25, 21.194158381071343 -11.25, 21 -11.25, 21 -11.716710902564545, 21.211544435959816 -12, 21.75 -12, 21.75 -11.351908978967579))"
2021-10-04,Landslide,Moderate,175,68,204,350.167,"POLYGON ((21.75 -11.706912684424656, 21.332761890965816 -11.25, 21 -11.706912684424656, 21.332761890965816 -12, 21.75 -11.706912684424656))"
2023-11-02,Landslide,Severe,66,230,1610,940.0048,"POLYGON ((21.433616581018544 -11.854989530475747, 21.237947096512723 -11.642500715153624, 21 -11.709521187673129, 21.015730502891095 -11.966277531295924, 21.23771157844367 -12, 21.433616581018544 -11.854989530475747))"
2016-09-21,Landslide,Severe,205,10,50,58.5713,"POLYGON ((21.75 -11.757112785143786, 21.234329154893317 -11.25, 21.11520775440645 -12, 21.75 -11.757112785143786))"
2024-11-10,Landslide,Extreme,439,270,2700,1368.6622,"POLYGON ((21.5404821131485 -11.722257657917043, 21.43212800841635 -11.532319048620215, 21.22618741825482 -11.617471484267995, 21.204092634605804 -11.843096631534177, 21.43294795234626 -11.914719795148367, 21.5404821131485 -11.722257657917043))"
2022-03-14,Flood,Extreme,348,370,1110,1053.0361,"POLYGON ((21.75 -11.457285593505505, 21.75 -11.25, 21.527599328969306 -11.25, 21.008317091791245 -11.25, 21.091019169468684 -11.735196787595115, 21.525184534436914 -12, 21.75 -11.876730421715326, 21.75 -11.457285593505505))"
2023-02-17,Drought,Extreme,260,340,3060,501.3411,"POLYGON ((21.75 -11.389571680378527, 21.75 -11.25, 21.163563463819074 -11.25, 21 -11.389571680378527, 21.155092547181052 -11.908426672141063, 21.75 -12, 21.75 -11.389571680378527))"
2023-05-05,Landslide,Severe,64,25,250,41.9432,"POLYGON ((21.75 -11.266477946484208, 21.334788756060988 -11.25, 21 -11.25, 21 -11.812765803093994, 21.40486953191547 -12, 21.75 -11.266477946484208))"
2024-01-23,Flood,Moderate,410,104,312,114.6417,"POLYGON ((21.580704981096023 -11.479300266652405, 21 -11.25, 21.012299672870892 -11.792839323721822, 21.580704981096023 -11.479300266652405))"
2022-09-22,Drought,Extreme,284,950,5700,2705.9179,"POLYGON ((21.75 -11.935686128540704, 21.75 -11.487495361403768, 21.394540652113804 -11.349763176480145, 21 -11.64689368323144, 21 -12, 21.39388083675264 -12, 21.75 -12, 21.75 -11.935686128540704))"
2019-04-30,Cyclone,Minor,292,8,40,30.9999,"POLYGON ((21.75 -11.925046233146569, 21.605871309487753 -11.273623931234972, 21 -11.620444557485936, 21 -12, 21.61694034954931 -12, 21.75 -11.925046233146569))"
2016-11-07,Drought,Moderate,468,174,522,445.9215,"POLYGON ((21.692475471028096 -11.436750535435152, 21.56267788511044 -11.25, 21.065584963378363 -11.25, 21 -11.25, 21 -11.63599615490779, 21.076223779550492 -11.896674556646747, 21.505841814431815 -11.843840455738903, 21.692475471028096 -11.436750535435152))"
2022-07-18,Cyclone,Minor,187,12,48,41.2666,"POLYGON ((21.593687136131077 -11.310329097169463, 21.4313735145731 -11.25, 21.110186415573992 -11.25, 21.036415862570472 -11.523438638253882, 21.422766859085304 -11.596648696027025, 21.593687136131077 -11.310329097169463))"
2024-12-24,Drought,Extreme,256,40,400,155.897,"POLYGON ((21.75 -11.470849798814232, 21.75 -11.25, 21.364611569766865 -11.25, 21.058040836753413 -11.470849798814232, 21.426690920072865 -11.813886677521431, 21.75 -11.867101943626189, 21.75 -11.470849798814232))"
2018-01-16,Landslide,Severe,139,420,1680,1649.6752,"POLYGON ((21.75 -11.307687396033632, 21.75 -11.25, 21.452915417133298 -11.25, 21.13847833354753 -11.25, 21.192522870313066 -11.479766429662169, 21.453986059753596 -11.727688914354175, 21.75 -11.647984518861717, 21.75 -11.307687396033632))"
2016-02-12,Drought,Severe,327,260,2600,1123.7415,"POLYGON ((21.618428936075176 -11.251230494201193, 21.37872299670252 -11.25, 21.16808107065251 -11.251230494201193, 21.37872299670252 -11.49601102130209, 21.618428936075176 -11.251230494201193))"
2023-03-24,Drought,Moderate,330,62,496,344.8369,"POLYGON ((21.31764399068363 -11.625362369006893, 21.02437741642917 -11.448005476538356, 21 -11.853358409311506, 21.31764399068363 -11.625362369006893))"
2018-12-01,Drought,Extreme,275,140,1120,254.4371,"POLYGON ((21.5694188916535 -11.852670734665727, 21.448110111880368 -11.394616688035734, 21 -11.383338044823965, 21 -11.643612400773735, 21 -12, 21 -12, 21.427157062442344 -12, 21.5694188916535 -11.852670734665727))"
2021-02-23,Landslide,Severe,91,85,255,485.6717,"POLYGON ((21.75 -11.671766109085919, 21.700014618623953 -11.25, 21 -11.25, 21 -11.671766109085919, 21 -12, 21.59810069282151 -12, 21.75 -11.671766109085919))"
2023-07-26,Cyclone,Moderate,505,186,1860,290.7896,"POLYGON ((21.75 -11.835170979638715, 21.641035818478393 -11.679433355777336, 21.472610563865533 -11.64139262933184, 21.31315343684734 -11.73708108213511, 21.33484790331526 -11.9228133727228, 21.463767066154574 -12, 21.69806147278874 -12, 21.75 -11.835170979638715))"
2016-12-29,Flood,Minor,169,27,162,116.4121,"POLYGON ((21.75 -11.938109294310404, 21.515006185160974 -11.557918977258783, 21.06422938503492 -11.537531290670385, 21 -11.938109294310404, 21.103950521170304 -12, 21.54313901839821 -12, 21.75 -11.938109294310404))"
2018-10-16,Cyclone,Severe,536,80,240,84.1847,"POLYGON ((21.34886212995329 -11.84682482839865, 21.031864125415407 -11.415277302853305, 21 -11.84682482839865, 21.031864125415407 -12, 21.34886212995329 -11.84682482839865))"
2020-12-31,Landslide,Moderate,113,92,644,197.2576,"POLYGON ((21.75 -11.342819082293822, 21 -11.25, 21 -11.98274062872026, 21.75 -11.342819082293822))"
2015-06-20,Flood,Extreme,512,410,1640,1150.2835,"POLYGON ((21.47978881843693 -11.950105383315625, 21.272599328070005 -11.576679437373281, 21 -11.46418175158589, 21 -11.950105383315625, 21 -12, 21.34374625476026 -12, 21.47978881843693 -11.950105383315625))"
2020-12-05,Landslide,Moderate,335,200,1200,812.9186,"POLYGON ((21.75 -11.749241195220623, 21.498783400793844 -11.25, 21 -11.25, 21 -11.749241195220623, 21 -12, 21.411339876156102 -12, 21.75 -11.749241195220623))"
2020-12-05,Drought,Moderate,529,108,648,630.698,"POLYGON ((21.75 -11.781367675746532, 21.571362433217782 -11.531536851872744, 21.53309012515992 -12, 21.75 -11.781367675746532))"
2021-12-13,Landslide,Moderate,375,74,518,151.0532,"POLYGON ((21.75 -11.789899273943234, 21.52291180111558 -11.25, 21 -11.382001402828223, 21 -12, 21.596537063899444 -12, 21.75 -11.789899273943234))"
2017-01-08,Cyclone,Severe,416,145,725,682.4313,"POLYGON ((21.75 -11.86188181606283, 21.75 -11.44803500315774, 21.331459238646854 -11.336952450594213, 21.146605237836425 -11.86188181606283, 21.33472964109905 -12, 21.75 -12, 21.75 -11.86188181606283))"
2016-01-06,Cyclone,Extreme,308,50,450,110.1247,"POLYGON ((21.634334956470035 -11.419896423050147, 21.207958909213087 -11.25, 21 -11.419896423050147, 21.207958909213087 -11.768459624989573, 21.634334956470035 -11.419896423050147))"
2016-02-17,Flood,Extreme,317,80,320,359.416,"POLYGON ((21.470752010075945 -11.701384876413867, 21.12681674726444 -11.489962233047851, 21.129341818642622 -11.90843396786013, 21.470752010075945 -11.701384876413867))"
2017-04-25,Flood,Extreme,327,550,5500,2516.287,"POLYGON ((21.723516106738717 -11.38568684589408, 21.59097373358122 -11.25, 21.325754464787092 -11.253402995717549, 21.263405246300863 -11.563270054888756, 21.584654076378413 -11.62213453659657, 21.723516106738717 -11.38568684589408))"
2020-01-04,Cyclone,Severe,156,365,1095,839.4601,"POLYGON ((21.75 -11.333794961501342, 21.604538445492924 -11.25, 21 -11.25, 21 -11.333794961501342, 21 -11.901182960654598, 21.514109201046967 -11.783495176843125, 21.75 -11.333794961501342))"
2024-04-04,Flood,Moderate,437,16,112,54.8537,"POLYGON ((21.75 -11.546780460925248, 21 -11.25, 21 -12, 21.75 -11.546780460925248))"
2023-02-26,Cyclone,Moderate,347,170,1700,322.8385,"POLYGON ((21.68676285887462 -11.49610290876718, 21.5343291859175 -11.25, 21 -11.25, 21 -11.25, 21 -11.771560297343028, 21 -12, 21.539868616781597 -12, 21.68676285887462 -11.49610290876718))"
2024-11-13,Landslide,Moderate,61,194,582,330.423,"POLYGON ((21.462357921055478 -11.286663941788277, 21.314697911224783 -11.25, 21.03395128365041 -11.25, 21.04046853005583 -11.423506859626396, 21.3162381017598 -11.555719510473763, 21.462357921055478 -11.286663941788277))"
2022-07-23,Flood,Extreme,302,370,2960,1513.629,"POLYGON ((21.75 -11.72059277406721, 21 -11.25, 21 -12, 21.75 -11.72059277406721))"
2024-02-14,Drought,Minor,153,91,546,476.2434,"POLYGON ((21.536855108293636 -11.462082865232022, 21.31939559591331 -11.25, 21.036847515282957 -11.462082865232022, 21.31939559591331 -11.732313787187447, 21.536855108293636 -11.462082865232022))"
2025-03-16,Drought,Severe,102,70,630,231.6342,"POLYGON ((21.75 -11.516004511479487, 21.656547747520417 -11.25, 21 -11.25, 21 -11.922374888187603, 21.69960063193329 -12, 21.75 -11.516004511479487))"
2025-01-01,Flood,Moderate,388,184,1472,1066.6569,"POLYGON ((21.75 -11.71618458811622, 21.75 -11.363945512560992, 21.494908850508793 -11.26110554964102, 21.17621923184107 -11.512691168674966, 21.20981742561759 -11.903497970196927, 21.50234573578101 -12, 21.75 -12, 21.75 -11.71618458811622))"
2015-06-04,Flood,Extreme,490,910,9100,5380.9811,"POLYGON ((21.650836284268742 -11.347010426525664, 21.244234500605643 -11.25, 21 -11.25, 21 -11.347010426525664, 21 -11.77115698574092, 21.24976579989786 -11.729424457631971, 21.650836284268742 -11.347010426525664))"
2018-12-10,Landslide,Moderate,183,0,0,0.0,"POLYGON ((21.75 -11.989636576547664, 21.75 -11.353282061963764, 21.12363039137515 -11.45407785526801, 21 -11.989636576547664, 21.131588727279105 -12, 21.75 -12, 21.75 -11.989636576547664))"
2020-03-24,Flood,Minor,253,94,470,336.4731,"POLYGON ((21.75 -11.665383655931235, 21.699052804800168 -11.299124614654586, 21.28026810717775 -11.25, 21 -11.445528048959337, 21 -11.869192607917933, 21.28783685666679 -12, 21.72295699099815 -12, 21.75 -11.665383655931235))"
2019-08-19,Flood,Minor,314,34,340,92.411,"POLYGON ((21.75 -11.697375285870695, 21.521510870229132 -11.25, 21 -11.296913990484503, 21 -12, 21.566683220960496 -12, 21.75 -11.697375285870695))"
2016-09-27,Drought,Moderate,126,76,608,391.4714,"POLYGON ((21.75 -11.796147743601027, 21.547693086575176 -11.25, 21 -11.25, 21 -12, 21.5741712633105 -12, 21.75 -11.796147743601027))"
2018-08-30,Cyclone,Extreme,212,710,6390,2290.4945,"POLYGON ((21.75 -11.494732657111363, 21.26289046844901 -11.25, 21.322267250041726 -12, 21.75 -11.494732657111363))"
2025-03-08,Drought,Moderate,54,150,1200,258.4006,"POLYGON ((21.75 -11.659811247189475, 21.75 -11.25, 21.13513169532625 -11.25, 21 -11.298750080459225, 21 -12, 21.148390149914523 -12, 21.75 -12, 21.75 -11.659811247189475))"
2019-03-17,Landslide,Minor,171,72,504,123.1417,"POLYGON ((21.395679585830678 -11.599588339935423, 21.289797214168726 -11.377908671577663, 21.019338272107092 -11.352819379281105, 21 -11.599588339935423, 21.02236440439993 -11.841115885708117, 21.272925078705473 -11.792044612438646, 21.395679585830678 -11.599588339935423))"
2022-09-11,Landslide,Extreme,140,980,2940,2510.824,"POLYGON ((21.75 -11.885384957557386, 21 -11.25, 21 -12, 21.75 -11.885384957557386))"
2015-12-21,Drought,Severe,51,485,2425,2505.367,"POLYGON ((21.75 -11.991260182222575, 21.64634632643719 -11.365994557384122, 21 -11.25, 21 -11.991260182222575, 21 -12, 21.75 -12, 21.75 -11.991260182222575))"
2024-12-15,Landslide,Moderate,512,142,710,188.4545,"POLYGON ((21.75 -11.475974240288679, 21.672028117276845 -11.25, 21 -11.25, 21 -11.852451380824894, 21.71036699795332 -12, 21.75 -11.475974240288679))"
2020-03-24,Drought,Severe,299,245,735,1056.9422,"POLYGON ((21.75 -11.289657690708164, 21.75 -11.25, 21.168594052176612 -11.25, 21 -11.289657690708164, 21.093225734147275 -12, 21.75 -12, 21.75 -11.289657690708164))"
2022-06-09,Drought,Extreme,213,670,5360,1465.191,"POLYGON ((21.75 -11.416335372608984, 21.186683889305343 -11.25, 21.254160878491803 -11.803597207114946, 21.75 -11.416335372608984))"
2024-05-14,Drought,Severe,85,215,645,978.4806,"POLYGON ((21.75 -11.265067976863714, 21.75 -11.25, 21.572606920675593 -11.25, 21.02521401447218 -11.25, 21.06111515496132 -11.569957467202139, 21.573554899754836 -11.793756938537994, 21.75 -11.706237360845117, 21.75 -11.265067976863714))"
2021-10-25,Cyclone,Severe,316,485,3880,2733.5669,"POLYGON ((21.467783429197016 -11.973382560434152, 21 -11.68809564692415, 21 -12, 21.467783429197016 -11.973382560434152))"
2024-04-27,Cyclone,Extreme,546,440,2640,1987.5811,"POLYGON ((21.75 -11.845378546827071, 21.25257388534093 -11.25167542770989, 21 -11.41286867717208, 21 -12, 21.279016087731172 -12, 21.75 -11.845378546827071))"
2023-06-02,Cyclone,Extreme,397,210,2100,465.4398,"POLYGON ((21.75 -11.798206334562531, 21.72307040810722 -11.416744367638271, 21.300960123865185 -11.448551842782246, 21.045664221388247 -11.798206334562531, 21.220194728529297 -12, 21.75 -12, 21.75 -11.798206334562531))"
2019-01-17,Landslide,Minor,299,24,144,114.4853,"POLYGON ((21.75 -11.49382819660338, 21.729059813884966 -11.25, 21.344746862504348 -11.28960970674568, 21.417154171581302 -11.645439697078244, 21.723490438608117 -11.794397660289267, 21.75 -11.49382819660338))"
2016-01-26,Cyclone,Extreme,288,0,0,0.0,"POLYGON ((21.75 -11.741990909965166, 21.75 -11.607552371871842, 21.661823668538663 -11.541059344823857, 21.491994950368696 -11.638120062754776, 21.554748858732864 -11.815641067676397, 21.657291927167734 -11.96277733134294, 21.75 -11.909747712773408, 21.75 -11.741990909965166))"
2016-07-13,Cyclone,Severe,207,65,325,321.7481,"POLYGON ((21.75 -11.627539335239794, 21.62674014142258 -11.25, 21.037133973651667 -11.33248936104494, 21 -12, 21.619721668707616 -12, 21.75 -11.627539335239794))"
2025-04-30,Flood,Severe,319,130,780,594.6318,"POLYGON ((21.75 -11.829397595484586, 21.139179848579982 -11.293568385498002, 21 -11.829397595484586, 21.139179848579982 -12, 21.75 -11.829397595484586))"
2023-09-10,Landslide,Minor,487,74,592,419.0898,"POLYGON ((21.75 -11.531474263464906, 21.514292155186386 -11.25, 21.0244169660428 -11.531474263464906, 21.514292155186386 -12, 21.75 -11.531474263464906))"
2019-02-09,Landslide,Severe,319,420,2520,1204.8917,"POLYGON ((21.75 -11.25071549404511, 21.164971532782864 -11.25, 21.138257169585927 -11.667356599899556, 21.75 -11.25071549404511))"
2017-02-16,Drought,Minor,189,57,171,255.764,"POLYGON ((21.497493522037015 -11.256390513007403, 21.246111505547457 -11.25, 21 -11.25, 21 -11.256390513007403, 21 -11.621149668893505, 21.284883785489335 -11.672386574191693, 21.497493522037015 -11.256390513007403))"
2020-01-09,Flood,Extreme,240,740,2960,2116.4716,"POLYGON ((21.75 -11.705990586394334, 21.75 -11.25, 21.58789381998573 -11.25, 21.001421809808694 -11.353229038270518, 21.15049415541586 -11.986962676507636, 21.58788952720084 -12, 21.75 -12, 21.75 -11.705990586394334))"
2019-07-25,Landslide,Moderate,300,200,1000,661.005,"POLYGON ((21.75 -11.800513064717975, 21.29196701638628 -11.25, 21 -11.288421075394801, 21 -12, 21.275708978745158 -12, 21.75 -11.800513064717975))"
2023-04-23,Cyclone,Severe,117,315,2520,951.7856,"POLYGON ((21.75 -11.981188633967772, 21.75 -11.427978527888657, 21.215229814336723 -11.648974713163804, 21.298483534565722 -12, 21.75 -12, 21.75 -11.981188633967772))"
2021-02-11,Landslide,Extreme,69,390,3120,929.0639,"POLYGON ((21.75 -11.306121351752871, 21.67397265186299 -11.25, 21.36934711226551 -11.25, 21.365526635025038 -11.466006565398597, 21.66731528171422 -11.557646667774188, 21.75 -11.306121351752871))"
2018-12-19,Flood,Extreme,141,830,3320,4600.3475,"POLYGON ((21.75 -11.347899238473577, 21.285352074979382 -11.25, 21.36700777496385 -11.948106766127367, 21.75 -11.347899238473577))"
2024-07-11,Drought,Minor,170,99,891,342.1741,"POLYGON ((21.75 -11.491958197988778, 21.75 -11.25, 21.378105691698213 -11.25, 21.138619888960715 -11.491958197988778, 21.427858075184076 -11.797286968546327, 21.75 -11.823669581546655, 21.75 -11.491958197988778))"
2020-08-10,Drought,Extreme,157,730,6570,4334.2466,"POLYGON ((21.724509233117743 -11.817409307748092, 21.566947925539615 -11.628563798580432, 21.338915449009225 -11.611290981789356, 21.246607628910326 -11.817409307748092, 21.341668266204227 -12, 21.56469621276269 -12, 21.724509233117743 -11.817409307748092))"
2023-09-02,Landslide,Extreme,392,770,7700,1585.5351,"POLYGON ((21.75 -11.313567979956249, 21.75 -11.25, 21.026604410415217 -11.25, 21 -11.93216993052182, 21.75 -12, 21.75 -11.313567979956249))"
2022-03-09,Flood,Severe,53,225,2025,366.7822,"POLYGON ((21.75 -11.450052416477035, 21.75 -11.25, 21.395146810537767 -11.25, 21.43643840886991 -11.641314874739729, 21.75 -11.769296920373412, 21.75 -11.450052416477035))"
2015-05-16,Landslide,Extreme,54,510,1530,1364.7123,"POLYGON ((21.75 -11.998164811759619, 21.75 -11.427376701585986, 21.143431680761108 -11.385659783939929, 21 -11.998164811759619, 21.074901586952134 -12, 21.75 -12, 21.75 -11.998164811759619))"
2024-02-05,Flood,Severe,83,405,2430,1454.4019,"POLYGON ((21.748404785519984 -11.551409393140581, 21.194863297710295 -11.25, 21.193648886877828 -11.893491618908243, 21.748404785519984 -11.551409393140581))"
2020-05-22,Cyclone,Minor,380,15,90,78.2621,"POLYGON ((21.75 -11.995204538608368, 21 -11.25, 21 -12, 21.75 -11.995204538608368))"
2023-05-25,Cyclone,Moderate,225,160,1280,591.7133,"POLYGON ((21.65287130472321 -11.46346650126397, 21.14185932008879 -11.25, 21 -11.46346650126397, 21.14185932008879 -11.928160871643644, 21.65287130472321 -11.46346650126397))"
2021-12-22,Cyclone,Minor,353,81,324,184.7601,"POLYGON ((21.75 -11.597162329458094, 21 -11.25, 21 -12, 21.75 -11.597162329458094))"
2016-01-14,Drought,Moderate,415,120,720,124.8802,"POLYGON ((21.75 -11.383941901579808, 21.675825009013902 -11.25, 21.193628359168514 -11.383941901579808, 21.675825009013902 -11.85598384270454, 21.75 -11.383941901579808))"
2016-06-03,Cyclone,Moderate,365,44,132,152.6529,"POLYGON ((21.75 -11.478693203736636, 21.716238877582953 -11.25, 21 -11.25, 21 -12, 21.632698987454297 -12, 21.75 -11.478693203736636))"
2023-07-06,Cyclone,Moderate,259,88,616,115.0892,"POLYGON ((21.75 -11.993276607037556, 21.625586552648045 -11.25, 21 -11.528932983513991, 21 -12, 21.65431770856915 -12, 21.75 -11.993276607037556))"
2024-08-31,Drought,Moderate,58,174,870,216.4303,"POLYGON ((21.75 -11.622836868941818, 21.394221903072694 -11.25, 21 -11.25, 21 -11.622836868941818, 21 -12, 21.52150714663816 -12, 21.75 -11.622836868941818))"
2022-08-05,Drought,Severe,466,470,3290,2766.1998,"POLYGON ((21.75 -11.862089622373244, 21 -11.25, 21 -12, 21.75 -11.862089622373244))"
2015-07-11,Drought,Extreme,490,970,3880,1509.4588,"POLYGON ((21.249328572215802 -11.64977827675383, 21.073924114623612 -11.485088819743483, 21 -11.542792709341827, 21 -11.78566437692234, 21.084083090935117 -11.845733847912653, 21.249328572215802 -11.64977827675383))"
2019-09-18,Landslide,Severe,67,90,450,98.9269,"POLYGON ((21.492567409839303 -11.55681737158395, 21.257103378931323 -11.25, 21 -11.25, 21 -11.55681737158395, 21 -12, 21.327099498368792 -12, 21.492567409839303 -11.55681737158395))"
2024-05-28,Drought,Extreme,50,980,7840,4608.7801,"POLYGON ((21.75 -11.54705184084112, 21.1813084349789 -11.25, 21.132363297935484 -12, 21.75 -11.54705184084112))"
2024-09-20,Landslide,Moderate,92,172,1720,193.8094,"POLYGON ((21.75 -11.819740150117338, 21 -11.25, 21 -12, 21.75 -11.819740150117338))"
2017-01-06,Drought,Moderate,185,90,720,161.1565,"POLYGON ((21.292420729015976 -11.950950085949257, 21.224432432849625 -11.812603497952285, 21.066692630605242 -11.743224191481518, 21 -11.867225694641185, 21 -12, 21.067898970956815 -12, 21.236561951859624 -12, 21.292420729015976 -11.950950085949257))"
2016-10-17,Drought,Severe,256,350,3150,1952.4779,"POLYGON ((21.351803390262724 -11.80014376972994, 21 -11.512284131024959, 21 -12, 21.351803390262724 -11.80014376972994))"
2016-07-18,Drought,Minor,133,27,162,69.116,"POLYGON ((21.75 -11.250910347929928, 21.242860734516135 -11.25, 21 -11.25, 21 -11.644650041451696, 21.260399128982975 -11.815322549196633, 21.75 -11.250910347929928))"
2019-07-12,Cyclone,Extreme,129,450,3600,2355.1583,"POLYGON ((21.722292302359584 -11.449349197892404, 21.551035516467845 -11.25, 21 -11.25, 21 -11.449349197892404, 21 -12, 21.497340235414217 -12, 21.722292302359584 -11.449349197892404))"
2023-01-03,Flood,Extreme,281,530,5300,687.0018,"POLYGON ((21.75 -11.834193172964206, 21.511488546698104 -11.540806238795719, 21.503737834167527 -12, 21.75 -11.834193172964206))"
2024-03-04,Drought,Moderate,415,74,592,320.6061,"POLYGON ((21.29811038711205 -11.91210666500791, 21.14056916608286 -11.71154424741307, 21 -11.785106162445803, 21 -12, 21.150103564855343 -12, 21.29811038711205 -11.91210666500791))"
2017-04-27,Flood,Moderate,397,178,1424,243.0054,"POLYGON ((21.75 -11.991413400099852, 21.738490460597816 -11.25, 21 -11.991413400099852, 21.738490460597816 -12, 21.75 -11.991413400099852))"
2015-10-10,Landslide,Severe,387,230,2070,571.1245,"POLYGON ((21.431279730975024 -11.9407614450167, 21.156951422367808 -11.566229749801655, 21 -11.752039023933346, 21 -12, 21.13533250662474 -12, 21.431279730975024 -11.9407614450167))"
2022-09-22,Flood,Moderate,394,138,1242,732.5233,"POLYGON ((21.75 -11.646528883020622, 21.07055189162044 -11.25, 21.1545402739858 -12, 21.75 -11.646528883020622))"
2022-04-13,Flood,Moderate,84,130,1300,573.8263,"POLYGON ((21.74819283643808 -11.713008388458968, 21.64900256505152 -11.396830667361707, 21.30776803826517 -11.438150571865549, 21.158059214090656 -11.713008388458968, 21.3186534515276 -11.96901211622048, 21.630289762260933 -11.996774584370915, 21.74819283643808 -11.713008388458968))"
2024-11-30,Landslide,Moderate,129,134,536,735.0919,"POLYGON ((21.75 -11.767364542316574, 21.275555850885006 -11.25, 21.33680304164814 -12, 21.75 -11.767364542316574))"
2023-07-29,Flood,Moderate,443,170,1020,265.5802,"POLYGON ((21.75 -11.348037420470565, 21.636941532042695 -11.25, 21 -11.25, 21 -11.906827178001704, 21.621138988563878 -12, 21.75 -11.348037420470565))"
2021-12-13,Landslide,Moderate,510,48,384,117.7699,"POLYGON ((21.75 -11.539361421712144, 21.36190975215448 -11.293581588341773, 21.36376538124243 -11.781927211222188, 21.75 -11.539361421712144))"
2022-01-25,Flood,Extreme,436,580,5800,3270.4064,"POLYGON ((21.75 -11.936644570166184, 21 -11.34122745454613, 21 -12, 21.75 -11.936644570166184))"
2023-06-28,Cyclone,Moderate,276,34,102,202.078,"POLYGON ((21.75 -11.68051543940844, 21.75 -11.329996549023083, 21.34963139759757 -11.25, 21.206013393640166 -11.68051543940844, 21.364464646293204 -12, 21.75 -12, 21.75 -11.68051543940844))"
2019-05-05,Cyclone,Minor,329,85,680,221.975,"POLYGON ((21.59705916810326 -11.876204174688935, 21.072486462776293 -11.292526873608908, 21 -11.876204174688935, 21.072486462776293 -12, 21.59705916810326 -11.876204174688935))"
2018-09-18,Flood,Minor,208,7,56,15.4634,"POLYGON ((21.75 -11.276120168105408, 21.126569974853894 -11.25, 21.23341738830692 -11.812116240074406, 21.75 -11.276120168105408))"
2020-04-19,Cyclone,Minor,360,89,712,362.5915,"POLYGON ((21.75 -11.529662044067685, 21.413263071816168 -11.25, 21.37071600518445 -12, 21.75 -11.529662044067685))"
2018-11-07,Landslide,Moderate,499,186,930,756.0315,"POLYGON ((21.75 -11.451081831430233, 21.313026051131907 -11.25, 21.321830409991414 -12, 21.75 -11.451081831430233))"
2018-08-06,Cyclone,Minor,441,25,150,92.6134,"POLYGON ((21.50040394245985 -11.964955267991764, 21.0147536656104 -11.490677717106076, 21 -11.964955267991764, 21.0147536656104 -12, 21.50040394245985 -11.964955267991764))"
2018-06-30,Landslide,Extreme,52,270,1350,726.3739,"POLYGON ((21.713447497538183 -11.687623346362578, 21.418859392530134 -11.25, 21 -11.323841148564549, 21 -12, 21.43262102518111 -12, 21.713447497538183 -11.687623346362578))"
2023-02-13,Drought,Severe,497,185,1850,997.972,"POLYGON ((21.75 -11.627213403711165, 21.75 -11.350139852921767, 21.590021945994785 -11.38501571298592, 21.49646666258808 -11.627213403711165, 21.5881572129159 -11.872640906871593, 21.75 -11.902441047693257, 21.75 -11.627213403711165))"
2015-08-01,Flood,Extreme,98,790,4740,4648.7743,"POLYGON ((21.75 -11.897989309310178, 21.556861002608066 -11.25, 21 -11.897989309310178, 21.556861002608066 -12, 21.75 -11.897989309310178))"
2024-04-04,Drought,Minor,338,6,30,12.5599,"POLYGON ((21.75 -11.94814438483581, 21.75 -11.4377991977593, 21.41650804177152 -11.314538906808824, 21 -11.654035968675249, 21 -12, 21.415525097919595 -12, 21.75 -12, 21.75 -11.94814438483581))"
2025-03-12,Flood,Minor,315,99,792,279.6365,"POLYGON ((21.75 -11.83687577704899, 21 -11.25, 21.046628835798934 -12, 21.75 -11.83687577704899))"
2019-07-04,Drought,Severe,99,130,650,308.5555,"POLYGON ((21.75 -11.533289691737387, 21.52763000276432 -11.25, 21.114122256309752 -11.533289691737387, 21.52763000276432 -11.861967987576076, 21.75 -11.533289691737387))"
2021-10-13,Landslide,Severe,145,320,3200,1552.6789,"POLYGON ((21.75 -11.639679938094579, 21.557395640144083 -11.292789412390624, 21.161253009758923 -11.25, 21 -11.393441387750785, 21 -11.824074582020991, 21.167345925248153 -12, 21.569845110242497 -12, 21.75 -11.639679938094579))"
2022-06-23,Landslide,Moderate,535,182,728,258.2463,"POLYGON ((21.75 -11.975248372912217, 21.727578408457713 -11.28742002128948, 21 -11.258073128774317, 21 -11.975248372912217, 21 -12, 21.745983999678064 -12, 21.75 -11.975248372912217))"
2017-01-10,Cyclone,Extreme,102,180,1260,642.4559,"POLYGON ((21.569644052135956 -11.67948474939909, 21.438614799005975 -11.492584489236481, 21.19037612552387 -11.543249962429478, 21.171944055485437 -11.829111219130798, 21.434022103312582 -11.852250145634894, 21.569644052135956 -11.67948474939909))"
2021-08-11,Flood,Moderate,420,178,890,321.9399,"POLYGON ((21.75 -11.410529497047925, 21.75 -11.25, 21 -11.25, 21 -11.867808396750775, 21.75 -12, 21.75 -11.410529497047925))"
2024-05-11,Landslide,Moderate,269,34,306,64.3416,"POLYGON ((21.75 -11.906441849814112, 21.244721573905153 -11.25, 21 -11.906441849814112, 21.244721573905153 -12, 21.75 -11.906441849814112))"
2017-04-27,Drought,Minor,312,20,200,32.7275,"POLYGON ((21.75 -11.702634759613966, 21.354618149227587 -11.29028852951441, 21.355332426969657 -12, 21.75 -11.702634759613966))"
2015-10-31,Cyclone,Moderate,183,50,150,154.0105,"POLYGON ((21.722057109137904 -11.983403146615546, 21 -11.530597301421484, 21 -12, 21.722057109137904 -11.983403146615546))"
2023-12-06,Landslide,Extreme,61,800,6400,4532.6327,"POLYGON ((21.75 -11.905343248419769, 21.75 -11.513888326483443, 21.22063225220134 -11.60655294613419, 21.239083348142756 -12, 21.75 -12, 21.75 -11.905343248419769))"
2016-09-20,Drought,Severe,525,490,2940,1357.6225,"POLYGON ((21.533926431070167 -11.97996928562963, 21.440597533476236 -11.670246440517609, 21.115280113752434 -11.636819528435968, 21 -11.800543972649061, 21 -12, 21.125055249663294 -12, 21.415361208772683 -12, 21.533926431070167 -11.97996928562963))"
2018-06-03,Drought,Moderate,136,60,360,96.3662,"POLYGON ((21.75 -11.863031421251138, 21.11162558170383 -11.25, 21 -11.863031421251138, 21.11162558170383 -12, 21.75 -11.863031421251138))"
2022-07-22,Landslide,Moderate,411,184,1472,727.0831,"POLYGON ((21.75 -11.648184713646582, 21.75 -11.25, 21.311161321267864 -11.25, 21 -11.648184713646582, 21.217856607601117 -12, 21.75 -12, 21.75 -11.648184713646582))"
2023-03-26,Landslide,Severe,228,440,1320,1691.0484,"POLYGON ((21.75 -11.301655488600549, 21.75 -11.25, 21.316201173286796 -11.25, 21.037845100742217 -11.301655488600549, 21.321330308648133 -11.761326967242393, 21.75 -11.756356974381895, 21.75 -11.301655488600549))"
2023-05-19,Drought,Minor,548,15,90,81.9432,"POLYGON ((21.41133825617543 -11.637032065884485, 21.234828108085328 -11.329023294519711, 21 -11.483753672667454, 21 -11.799094871945258, 21.222373312418103 -11.906708917665364, 21.41133825617543 -11.637032065884485))"
2015-06-20,Drought,Severe,249,190,1520,630.2469,"POLYGON ((21.75 -11.63560303822328, 21.71864525666233 -11.268956976689653, 21.176923553237483 -11.32857257654613, 21.278770361363055 -11.868637462455604, 21.75 -12, 21.75 -11.63560303822328))"
2017-03-11,Drought,Extreme,287,510,2550,1766.3153,"POLYGON ((21.75 -11.285196967546902, 21.75 -11.25, 21.43024544397025 -11.25, 21.070160817245362 -11.25, 21 -11.612856360438297, 21.484528434648162 -11.862901389256821, 21.75 -11.81010117874165, 21.75 -11.285196967546902))"
2019-11-14,Drought,Moderate,219,46,460,165.1372,"POLYGON ((21.75 -11.45414610677657, 21.75 -11.25, 21 -11.25, 21 -11.886138100323304, 21.75 -12, 21.75 -11.45414610677657))"
2017-09-15,Landslide,Extreme,85,160,1600,795.5052,"POLYGON ((21.75 -11.4454355758699, 21.434766017906497 -11.25, 21.411413259842483 -11.843055321233683, 21.75 -11.4454355758699))"
2019-10-02,Drought,Moderate,240,52,364,298.4971,"POLYGON ((21.75 -11.644262504522636, 21.48994690084661 -11.25, 21 -11.644262504522636, 21.48994690084661 -12, 21.75 -11.644262504522636))"
2021-06-14,Drought,Severe,287,20,120,114.5855,"POLYGON ((21.75 -11.867149627873175, 21.09812554998304 -11.25, 21 -11.867149627873175, 21.09812554998304 -12, 21.75 -11.867149627873175))"
2015-11-02,Drought,Minor,325,47,188,204.5387,"POLYGON ((21.75 -11.466065705881507, 21 -11.25, 21 -12, 21.75 -11.466065705881507))"
2021-07-16,Cyclone,Severe,128,225,2025,981.2992,"POLYGON ((21.75 -11.500576272271802, 21 -11.25, 21.036171843218252 -12, 21.75 -11.500576272271802))"
2023-11-16,Landslide,Moderate,236,90,450,251.5187,"POLYGON ((21.75 -11.763388885538276, 21.383831127706394 -11.283646888978607, 21.32098067936264 -12, 21.75 -11.763388885538276))"
2020-05-03,Landslide,Severe,369,470,3290,2195.1246,"POLYGON ((21.75 -11.67591153739433, 21.749853624659796 -11.25, 21 -11.25, 21 -11.67591153739433, 21 -12, 21.75 -12, 21.75 -11.67591153739433))"
2016-05-21,Drought,Extreme,177,170,850,272.7781,"POLYGON ((21.75 -11.444968400273314, 21.75 -11.27719744433486, 21.69067219891829 -11.25, 21.549288600890907 -11.348752745343226, 21.540725419613377 -11.54530786596291, 21.686139061970103 -11.72074147653117, 21.75 -11.661980597523447, 21.75 -11.444968400273314))"
2024-02-19,Drought,Moderate,396,142,994,302.6925,"POLYGON ((21.75 -11.593513557987242, 21.61684282792342 -11.25, 21 -11.593513557987242, 21.61684282792342 -12, 21.75 -11.593513557987242))"
2016-08-10,Cyclone,Extreme,391,730,5110,2223.559,"POLYGON ((21.75 -11.603542060872385, 21.75 -11.25, 21 -11.25, 21 -12, 21.75 -12, 21.75 -11.603542060872385))"
2021-12-16,Drought,Extreme,53,340,1700,1059.6101,"POLYGON ((21.512514145168122 -11.533730270595138, 21.466257775241772 -11.25, 21 -11.25, 21 -11.340950419687896, 21 -11.76046322732409, 21 -12, 21.379891487180124 -11.912602498025965, 21.512514145168122 -11.533730270595138))"
2017-10-29,Cyclone,Moderate,382,152,1368,878.7843,"POLYGON ((21.75 -11.999444319928589, 21.3118927689388 -11.344901004075092, 21 -11.999444319928589, 21.3118927689388 -12, 21.75 -11.999444319928589))"
2023-03-18,Drought,Extreme,82,800,6400,4587.5893,"POLYGON ((21.75 -11.819491791342037, 21.543978271267683 -11.25, 21 -11.819491791342037, 21.543978271267683 -12, 21.75 -11.819491791342037))"
2020-08-30,Cyclone,Extreme,266,30,150,135.2326,"POLYGON ((21.75 -11.826612261045925, 21.611297503895877 -11.25, 21 -11.826612261045925, 21.611297503895877 -12, 21.75 -11.826612261045925))"
2018-10-11,Cyclone,Extreme,485,140,1120,351.5273,"POLYGON ((21.75 -11.256781958634711, 21.286048064703838 -11.25, 21 -11.256781958634711, 21.286048064703838 -11.810684979746135, 21.75 -11.256781958634711))"
2015-08-29,Cyclone,Extreme,504,650,5850,2862.8041,"POLYGON ((21.75 -11.515158079346934, 21.75 -11.25, 21.435685930867873 -11.25, 21 -11.25, 21 -11.849908124765024, 21.447001187435607 -12, 21.75 -12, 21.75 -11.515158079346934))"
2017-11-01,Cyclone,Moderate,128,6,54,16.5579,"POLYGON ((21.7129724602364 -11.44098246193047, 21.35793173733152 -11.25, 21 -11.25, 21 -11.663929828884683, 21.31295869377681 -11.7994985902646, 21.7129724602364 -11.44098246193047))"
2017-05-16,Flood,Moderate,219,176,1584,766.4835,"POLYGON ((21.75 -11.2570864474201, 21.414249977286172 -11.25, 21 -11.25, 21 -11.654176881710503, 21.45553044400219 -11.93756884689265, 21.75 -11.2570864474201))"
2017-07-02,Cyclone,Moderate,176,184,1840,981.7342,"POLYGON ((21.75 -11.745964120819378, 21.040451072203112 -11.25, 21.077104050468748 -12, 21.75 -11.745964120819378))"
2016-01-06,Cyclone,Severe,488,405,4050,563.9315,"POLYGON ((21.75 -11.379575278270819, 21.302828229137365 -11.25, 21.356307829521377 -11.747553267695597, 21.75 -11.379575278270819))"
2017-12-11,Flood,Severe,164,5,20,17.3862,"POLYGON ((21.75 -11.732437728847634, 21.735994456037623 -11.25, 21 -11.25, 21 -11.341333447480984, 21 -12, 21 -12, 21.659913187733054 -12, 21.75 -11.732437728847634))"
2018-12-05,Landslide,Severe,329,315,945,1747.0666,"POLYGON ((21.75 -11.610382198633305, 21.692607511214696 -11.25, 21.00780921220318 -11.25, 21 -11.610382198633305, 21.009318415840553 -12, 21.655990230285646 -12, 21.75 -11.610382198633305))"
2018-07-15,Drought,Severe,420,240,1920,541.3518,"POLYGON ((21.75 -11.531270436903307, 21.676528545987374 -11.25, 21.208706046173322 -11.531270436903307, 21.676528545987374 -11.971707109817515, 21.75 -11.531270436903307))"
2023-09-20,Cyclone,Minor,447,64,192,138.11,"POLYGON ((21.75 -11.682127596208257, 21.283908616254095 -11.25, 21 -11.360281610918848, 21 -12, 21.301694060917598 -12, 21.75 -11.682127596208257))"
2018-02-12,Landslide,Minor,67,33,297,37.5438,"POLYGON ((21.75 -11.410320780985124, 21.75 -11.25, 21.004389191364865 -11.25, 21 -11.410320780985124, 21.083091707960907 -12, 21.75 -12, 21.75 -11.410320780985124))"
2024-09-02,Landslide,Moderate,296,14,84,44.0114,"POLYGON ((21.75 -11.867534211802466, 21.50652392030024 -11.25, 21 -11.418123492781092, 21 -12, 21.58449402735892 -12, 21.75 -11.867534211802466))"
2020-04-25,Cyclone,Moderate,369,2,16,8.7687,"POLYGON ((21.75 -11.707589471295412, 21.75 -11.25, 21.427531657603314 -11.25, 21 -11.327795340357158, 21 -12, 21.48712366148033 -12, 21.75 -12, 21.75 -11.707589471295412))"
2022-02-13,Landslide,Extreme,393,150,1350,591.0697,"POLYGON ((21.62645505465086 -11.345515683722267, 21 -11.25, 21.000507704837556 -11.66942519619818, 21.62645505465086 -11.345515683722267))"
2018-06-15,Landslide,Severe,463,55,385,153.8976,"POLYGON ((21.75 -11.319948371519327, 21.19167310953748 -11.25, 21 -11.319948371519327, 21.19167310953748 -11.939857112264159, 21.75 -11.319948371519327))"
2021-07-23,Flood,Minor,86,70,490,127.0842,"POLYGON ((21.75 -11.975617332802036, 21.50695715392572 -11.438136645985068, 21 -11.25, 21 -11.726974579969346, 21 -12, 21 -12, 21.49635537218444 -12, 21.75 -11.975617332802036))"
2015-10-17,Landslide,Extreme,508,700,5600,3243.2261,"POLYGON ((21.75 -11.708367454144572, 21.55101017362742 -11.25, 21.01538132220518 -11.708367454144572, 21.55101017362742 -12, 21.75 -11.708367454144572))"
2022-11-28,Drought,Moderate,288,48,240,251.5521,"POLYGON ((21.524726436587624 -11.632175106989537, 21.265039279661725 -11.25, 21 -11.374462345591617, 21 -11.891299977985783, 21.248159816621257 -12, 21.524726436587624 -11.632175106989537))"
2021-05-22,Flood,Severe,116,355,1065,662.1419,"POLYGON ((21.300214264910526 -11.28033618324468, 21.172008553368165 -11.25, 21 -11.25, 21 -11.28033618324468, 21 -11.524835945903304, 21.162826150515574 -11.551607088042976, 21.300214264910526 -11.28033618324468))"
2015-09-25,Landslide,Extreme,143,150,450,356.3803,"POLYGON ((21.75 -11.988089891285979, 21.658349958267557 -11.725000758003333, 21.36442284348084 -11.742082328035893, 21.16473239575317 -11.988089891285979, 21.33599795177159 -12, 21.644531572488955 -12, 21.75 -11.988089891285979))"
2015-06-06,Cyclone,Minor,223,60,600,186.9322,"POLYGON ((21.656748177071748 -11.638595462165284, 21.479328263722067 -11.348854737109493, 21.180642319298308 -11.489985927987222, 21.139631624270194 -11.81700101038433, 21.492509139736796 -11.96890275233716, 21.656748177071748 -11.638595462165284))"
2018-02-08,Flood,Extreme,134,610,2440,856.5186,"POLYGON ((21.7143012108431 -11.529460334646652, 21.60311005568475 -11.25, 21 -11.25, 21 -11.255004910485567, 21 -11.891719218160265, 21 -12, 21.63598150347873 -12, 21.7143012108431 -11.529460334646652))"
2024-02-12,Drought,Severe,550,360,1800,1727.5354,"POLYGON ((21.684585945925406 -11.93167738783647, 21.40369335316274 -11.43550583594418, 21 -11.650947145299552, 21 -12, 21.406094623698696 -12, 21.684585945925406 -11.93167738783647))"
2022-06-21,Drought,Severe,226,260,2080,1361.2311,"POLYGON ((21.75 -11.684553307869484, 21.509035186414074 -11.309421319352987, 21.519899242055207 -12, 21.75 -11.684553307869484))"
2018-01-06,Landslide,Extreme,499,250,1250,1125.8993,"POLYGON ((21.75 -11.88946772058368, 21.75 -11.59296867179419, 21.399784474404765 -11.504389009798054, 21.21624217703322 -11.88946772058368, 21.435908571135307 -12, 21.75 -12, 21.75 -11.88946772058368))"
2023-03-04,Landslide,Extreme,266,700,2100,1469.0979,"POLYGON ((21.75 -11.526253724218291, 21.75 -11.25, 21.276777884699094 -11.25, 21 -11.526253724218291, 21.374176298613666 -12, 21.75 -12, 21.75 -11.526253724218291))"
2023-12-01,Drought,Moderate,224,24,216,81.9577,"POLYGON ((21.347773415282553 -11.386665915051841, 21 -11.25, 21 -11.592074788900199, 21.347773415282553 -11.386665915051841))"
2024-05-30,Landslide,Severe,464,420,3780,977.4173,"POLYGON ((21.75 -11.748611189600615, 21.505722480655262 -11.25, 21 -11.25, 21 -11.748611189600615, 21 -12, 21.467106328738925 -12, 21.75 -11.748611189600615))"
2023-06-10,Cyclone,Severe,254,305,2440,680.2725,"POLYGON ((21.75 -11.579708676349181, 21.728220620402933 -11.25, 21 -11.25, 21 -12, 21.7055020780628 -12, 21.75 -11.579708676349181))"
2017-11-18,Landslide,Moderate,166,60,600,192.0986,"POLYGON ((21.75 -11.768232582308999, 21.39188796937267 -11.25, 21.32172036315814 -12, 21.75 -11.768232582308999))"
2017-09-28,Drought,Severe,418,475,1900,541.0979,"POLYGON ((21.75 -11.447045157344256, 21.212597922438245 -11.25, 21.181062146815904 -12, 21.75 -11.447045157344256))"
2018-06-26,Flood,Moderate,286,32,96,150.0457,"POLYGON ((21.68015799641669 -11.621710793207654, 21.137862231967343 -11.340435673101801, 21.130950630507893 -11.914957158202942, 21.68015799641669 -11.621710793207654))"
2020-06-11,Landslide,Minor,307,49,147,172.6705,"POLYGON ((21.75 -11.498743215121738, 21.75 -11.25, 21.650757060830177 -11.25, 21.29735696244558 -11.286729375380473, 21.260747091286362 -11.728387439611097, 21.622055718525626 -12, 21.75 -11.812560772783744, 21.75 -11.498743215121738))"
2018-08-16,Landslide,Severe,279,195,780,816.3578,"POLYGON ((21.64258406374756 -11.402182149934337, 21.373453782917075 -11.25, 21.069460763693122 -11.25, 21.018338640248807 -11.598009842014491, 21.393460483070367 -11.727149054492669, 21.64258406374756 -11.402182149934337))"
2020-04-28,Flood,Moderate,78,8,72,21.9713,"POLYGON ((21.58840274693076 -11.529610244967651, 21.465943572809728 -11.353884058487111, 21.250018681080423 -11.414214953707571, 21.24738086106927 -11.64692202464706, 21.47686643764066 -11.738953552717135, 21.58840274693076 -11.529610244967651))"
2023-06-05,Landslide,Minor,75,96,768,417.7226,"POLYGON ((21.440697427448207 -11.588716609855474, 21.339980924344612 -11.38863206796504, 21.115761283819406 -11.40044134230142, 21.03074436679259 -11.588716609855474, 21.107047926536957 -11.792083854927233, 21.311671339770374 -11.739767512922159, 21.440697427448207 -11.588716609855474))"
2020-12-04,Flood,Minor,308,72,720,342.6565,"POLYGON ((21.75 -11.76893526533076, 21.537206287277527 -11.25, 21 -11.76893526533076, 21.537206287277527 -12, 21.75 -11.76893526533076))"
2023-04-22,Flood,Severe,173,205,1435,1076.1932,"POLYGON ((21.75 -11.64218417955112, 21.75 -11.284560364563443, 21.623530429910055 -11.25, 21.371156174126746 -11.461850990958203, 21.332638751674203 -11.841066381179065, 21.646864270060433 -12, 21.75 -11.93351951511687, 21.75 -11.64218417955112))"
2025-03-31,Flood,Extreme,260,400,2000,896.343,"POLYGON ((21.75 -11.679424957404956, 21.636323373131475 -11.25, 21 -11.25, 21 -11.679424957404956, 21 -12, 21.71003345491033 -12, 21.75 -11.679424957404956))"
2017-10-22,Cyclone,Extreme,509,800,7200,2594.0317,"POLYGON ((21.75 -11.88213448686759, 21.135181132217017 -11.25, 21 -11.88213448686759, 21.135181132217017 -12, 21.75 -11.88213448686759))"
2020-07-03,Drought,Severe,231,120,720,136.4335,"POLYGON ((21.75 -11.366543570679, 21.516210337288225 -11.25, 21 -11.25, 21 -11.366543570679, 21 -12, 21.484707048382713 -12, 21.75 -11.366543570679))"
2015-11-17,Flood,Severe,305,305,2440,1659.2282,"POLYGON ((21.75 -11.426690624526374, 21.671309366606696 -11.25, 21.137482434487875 -11.25, 21 -11.25, 21 -11.767968052147934, 21.130059331952133 -12, 21.75 -11.98421398395887, 21.75 -11.426690624526374))"
2015-10-06,Landslide,Minor,121,74,666,415.8486,"POLYGON ((21.510101370797173 -11.25480347842877, 21.23853974694083 -11.25, 21.217092110993818 -11.449509316058638, 21.510101370797173 -11.25480347842877))"
2015-12-03,Cyclone,Minor,365,35,210,60.7454,"POLYGON ((21.63622573050663 -11.688757031290098, 21.430303332819182 -11.252680398701184, 21 -11.438383809227757, 21.015934588184738 -11.88686981785303, 21.428543163117208 -12, 21.63622573050663 -11.688757031290098))"
2020-09-14,Cyclone,Severe,118,295,1770,1282.2414,"POLYGON ((21.75 -11.654095734565523, 21.70616164036232 -11.370225692804777, 21.36376821150313 -11.654095734565523, 21.70616164036232 -12, 21.75 -11.654095734565523))"
2018-10-16,Flood,Moderate,277,62,496,98.677,"POLYGON ((21.459744578557554 -11.985858255099647, 21.287575593503686 -11.764377204325246, 21.04308498817965 -11.783869155479545, 21 -11.985858255099647, 21.011976785466278 -12, 21.30947279982002 -12, 21.459744578557554 -11.985858255099647))"
2017-10-08,Cyclone,Minor,430,44,176,181.2282,"POLYGON ((21.75 -11.9758778255858, 21.67267954652217 -11.529556007928672, 21.201551593934315 -11.471161620943052, 21 -11.746636699786055, 21 -12, 21.216319389869174 -12, 21.595277387690867 -12, 21.75 -11.9758778255858))"
2023-11-21,Flood,Minor,235,79,395,434.0108,"POLYGON ((21.75 -11.428657127581458, 21.75 -11.25, 21.60305577077904 -11.25, 21.27628549927352 -11.25, 21.39250715568197 -11.580749216026605, 21.610695673805782 -11.856419446056398, 21.75 -11.802649568411567, 21.75 -11.428657127581458))"
2022-07-21,Landslide,Severe,496,115,575,286.0972,"POLYGON ((21.75 -11.834520203127887, 21.436626999552438 -11.25, 21 -11.834520203127887, 21.436626999552438 -12, 21.75 -11.834520203127887))"
2021-01-27,Cyclone,Minor,462,82,492,353.6732,"POLYGON ((21.724219955714386 -11.686068930703263, 21.575317283468387 -11.43931840294789, 21.285796352189248 -11.279731128716392, 21.048881673360743 -11.527313701369145, 21.027252974332395 -11.85523999252726, 21.285647104142484 -12, 21.656652186330206 -12, 21.724219955714386 -11.686068930703263))"
2020-09-21,Flood,Extreme,263,290,1740,482.9845,"POLYGON ((21.75 -11.452700416011572, 21.36850031761203 -11.25, 21 -11.452700416011572, 21.36850031761203 -12, 21.75 -11.452700416011572))"
2021-03-07,Landslide,Moderate,459,70,350,353.1034,"POLYGON ((21.713817510555035 -11.781250825406298, 21.4182425356333 -11.313046996932849, 21 -11.541866717521874, 21 -12, 21.40552587350017 -12, 21.713817510555035 -11.781250825406298))"
2025-04-14,Drought,Moderate,383,32,160,144.8907,"POLYGON ((21.65249684658219 -11.492560500265459, 21 -11.25, 21 -11.879766119522241, 21.65249684658219 -11.492560500265459))"
2024-12-03,Flood,Extreme,320,560,5040,2528.2552,"POLYGON ((21.75 -11.944087167849892, 21.683894877249706 -11.673444756234368, 21.373220500379194 -11.944087167849892, 21.683894877249706 -12, 21.75 -11.944087167849892))"
2023-12-10,Cyclone,Extreme,143,990,8910,5233.0492,"POLYGON ((21.75 -11.54355532996698, 21.53098062528426 -11.33374830549668, 21.53880010173072 -11.73981862394343, 21.75 -11.54355532996698))"
2022-09-24,Landslide,Moderate,50,16,128,30.1321,"POLYGON ((21.75 -11.883403638337729, 21 -11.25, 21 -12, 21.75 -11.883403638337729))"
2018-09-26,Flood,Minor,410,80,400,466.7012,"POLYGON ((21.477790044480386 -11.274571719031647, 21.02599791154314 -11.25, 21.02232874286153 -11.58220963080734, 21.477790044480386 -11.274571719031647))"
2018-12-13,Landslide,Moderate,243,30,120,72.5876,"POLYGON ((21.374460376687157 -11.535195824725943, 21.298875088969815 -11.306316980354312, 21.045305030685874 -11.25, 21 -11.414428866089702, 21 -11.685566460099318, 21.06335463527024 -11.767385008564132, 21.30978179562474 -11.777751246657372, 21.374460376687157 -11.535195824725943))"
2016-03-11,Cyclone,Severe,317,185,925,954.9301,"POLYGON ((21.75 -11.40449724105434, 21.75 -11.25, 21.533050785695842 -11.25, 21.191500562146977 -11.25, 21.21849108911764 -11.600855982217517, 21.545538373334743 -11.758048830767297, 21.75 -11.755379031688406, 21.75 -11.40449724105434))"
2021-04-18,Landslide,Moderate,149,196,1960,275.7188,"POLYGON ((21.75 -11.873049348182484, 21.75 -11.25, 21.209214092988013 -11.25, 21 -11.873049348182484, 21.213444813257773 -12, 21.75 -12, 21.75 -11.873049348182484))"
2022-07-18,Cyclone,Moderate,275,138,828,683.1967,"POLYGON ((21.56125029926958 -11.499511787633761, 21.19404139438821 -11.306591455391896, 21.201685928329013 -11.679191398689968, 21.56125029926958 -11.499511787633761))"
2017-06-23,Landslide,Moderate,52,186,1116,679.0184,"POLYGON ((21.710084783683634 -11.283327124991251, 21.52719214460693 -11.25, 21 -11.25, 21 -11.283327124991251, 21 -11.708603848204422, 21.463572418472015 -11.682430618256577, 21.710084783683634 -11.283327124991251))"
2015-09-19,Flood,Extreme,336,590,3540,3304.5538,"POLYGON ((21.75 -11.415802613978219, 21.742007262667805 -11.25, 21.03475261102581 -11.25, 21 -11.415802613978219, 21.056717810432133 -11.979566589546272, 21.73342999438906 -12, 21.75 -11.415802613978219))"
2015-07-13,Landslide,Extreme,365,460,3680,2143.1774,"POLYGON ((21.75 -11.34959081270809, 21 -11.25, 21 -12, 21.75 -11.34959081270809))"
2017-10-10,Landslide,Extreme,105,400,2800,911.3379,"POLYGON ((21.75 -11.572459209678687, 21 -11.25, 21 -12, 21.75 -11.572459209678687))"
2021-08-27,Drought,Extreme,373,710,5680,2618.228,"POLYGON ((21.363609369132533 -11.67426755547586, 21.146853075409478 -11.463141897433431, 21 -11.67426755547586, 21.146853075409478 -11.87677165444611, 21.363609369132533 -11.67426755547586))"
2017-07-03,Drought,Moderate,543,16,64,21.1841,"POLYGON ((21.604814798436223 -11.984912759651337, 21.383981594499243 -11.646399987401155, 21 -11.652154564246574, 21 -11.984912759651337, 21 -12, 21.407364085470828 -12, 21.604814798436223 -11.984912759651337))"
2019-02-15,Flood,Extreme,160,140,1120,471.0702,"POLYGON ((21.75 -11.473658521399503, 21.698317082042863 -11.25, 21 -11.473658521399503, 21.698317082042863 -12, 21.75 -11.473658521399503))"
2018-12-13,Cyclone,Moderate,51,188,1880,225.7727,"POLYGON ((21.75 -11.93699197612902, 21.75 -11.399156769502877, 21.23274604351339 -11.613809200104203, 21.215983672238142 -12, 21.75 -12, 21.75 -11.93699197612902))"
2015-07-29,Cyclone,Minor,279,76,456,445.7364,"POLYGON ((21.75 -11.442014490191927, 21.591488117228412 -11.25, 21 -11.25, 21 -11.442014490191927, 21 -12, 21.572719664589794 -12, 21.75 -11.442014490191927))"
2016-03-19,Flood,Moderate,255,174,1566,286.6172,"POLYGON ((21.75 -11.612454711064043, 21.75 -11.25, 21.27078971200077 -11.25, 21.06328605592972 -11.612454711064043, 21.329009792721124 -12, 21.75 -12, 21.75 -11.612454711064043))"
2022-06-23,Landslide,Extreme,425,50,250,156.9467,"POLYGON ((21.75 -11.634683188799622, 21.468357799848484 -11.25, 21 -11.25, 21 -11.634683188799622, 21 -12, 21.3664462869331 -12, 21.75 -11.634683188799622))"
2024-01-16,Cyclone,Moderate,471,150,750,632.5731,"POLYGON ((21.75 -11.928568018850912, 21.43488595253536 -11.51242544790374, 21.497383214916105 -12, 21.75 -11.928568018850912))"
2022-03-05,Cyclone,Moderate,492,98,392,446.9573,"POLYGON ((21.75 -11.74389880210165, 21.089944907645446 -11.25, 21.18626867268826 -12, 21.75 -11.74389880210165))"
2023-06-11,Landslide,Moderate,297,70,210,219.7889,"POLYGON ((21.75 -11.265587984849333, 21.47261370411778 -11.25, 21.40177584696632 -11.694180903968922, 21.75 -11.265587984849333))"
2019-04-24,Drought,Moderate,186,18,54,24.7388,"POLYGON ((21.267734266545208 -11.497105354147875, 21.176133764795782 -11.341536984965542, 21 -11.28875194870949, 21 -11.497105354147875, 21 -11.678655156818099, 21.17584863084901 -11.652179856847441, 21.267734266545208 -11.497105354147875))"
2023-03-31,Drought,Severe,488,5,40,20.8579,"POLYGON ((21.402753580934903 -11.82412875145371, 21.27574285346889 -11.602732554178075, 21.017588959305144 -11.466631922005734, 21 -11.665163881531697, 21 -11.972815565063835, 21.01415138671112 -12, 21.292360078754584 -12, 21.402753580934903 -11.82412875145371))"
2021-02-11,Flood,Severe,344,450,4050,975.8406,"POLYGON ((21.693690212036135 -11.581731494808382, 21.354270909057906 -11.25, 21 -11.31318774503502, 21 -11.886654719583074, 21.373682655167656 -12, 21.693690212036135 -11.581731494808382))"
2019-12-20,Landslide,Severe,381,425,1275,2156.1256,"POLYGON ((21.75 -11.890367715220817, 21.75 -11.705281679182823, 21.636292696892305 -11.681436632510735, 21.46765272314674 -11.786190060067108, 21.469699785580623 -11.993559557063254, 21.61891270797236 -12, 21.75 -12, 21.75 -11.890367715220817))"
2020-04-11,Landslide,Moderate,182,198,990,397.9205,"POLYGON ((21.75 -11.895711286312459, 21.330597083103406 -11.25, 21 -11.35897391677773, 21 -12, 21.2520493577603 -12, 21.75 -11.895711286312459))"
2022-05-27,Cyclone,Extreme,459,40,160,89.1621,"POLYGON ((21.75 -11.268645314589557, 21 -11.25, 21.019315667768453 -11.894161623374893, 21.75 -11.268645314589557))"
2020-02-26,Drought,Severe,200,280,2520,1578.3886,"POLYGON ((21.70672548073793 -11.975804905066523, 21.300800463251306 -11.74508642989795, 21.325246724013585 -12, 21.70672548073793 -11.975804905066523))"
2017-12-02,Flood,Moderate,159,78,780,363.4096,"POLYGON ((21.75 -11.413708885625944, 21.208769701492447 -11.25, 21 -11.25, 21 -11.816226470652543, 21.26546767642143 -12, 21.75 -11.413708885625944))"
2020-07-06,Flood,Minor,97,37,296,125.071,"POLYGON ((21.75 -11.402229523143678, 21.608241261932267 -11.25, 21 -11.25, 21 -11.402229523143678, 21 -12, 21.51752617629725 -12, 21.75 -11.402229523143678))"
2025-02-14,Cyclone,Moderate,503,198,1584,712.8207,"POLYGON ((21.75 -11.667741060084047, 21.75 -11.25, 21.512409792198355 -11.25, 21 -11.289456634630094, 21.123951089549845 -11.950045263953633, 21.536059504529085 -12, 21.75 -12, 21.75 -11.667741060084047))"
2022-01-02,Drought,Extreme,430,980,6860,4915.0169,"POLYGON ((21.75 -11.392911504167424, 21.282236417396078 -11.25, 21.301654958963518 -12, 21.75 -11.392911504167424))"
2017-09-12,Cyclone,Moderate,533,186,744,992.633,"POLYGON ((21.75 -11.491770244470732, 21.650762644739896 -11.25, 21.193319363412634 -11.25, 21 -11.491770244470732, 21.228737518457486 -11.833973379457857, 21.69073192708557 -11.949764898040183, 21.75 -11.491770244470732))"
2020-12-04,Landslide,Severe,72,220,880,1209.5163,"POLYGON ((21.46501257554485 -11.286505615245886, 21.325703273368212 -11.25, 21.076954965173947 -11.25, 21 -11.25, 21 -11.452236393351848, 21.060169362334374 -11.667664980748539, 21.32394737447235 -11.508181820024394, 21.46501257554485 -11.286505615245886))"
2019-07-05,Cyclone,Moderate,381,38,266,205.2502,"POLYGON ((21.75 -11.878636881139817, 21.75 -11.435997416665225, 21.348744854946926 -11.374133784921687, 21.092682914425435 -11.699870854141176, 21 -12, 21.353220971970153 -12, 21.75 -12, 21.75 -11.878636881139817))"
2019-04-06,Drought,Moderate,535,132,1056,178.8925,"POLYGON ((21.75 -11.697734790571133, 21.75 -11.25, 21.050821825581764 -11.25, 21 -11.296731050529049, 21 -11.974734066079055, 21.021358949840856 -12, 21.68857249684028 -12, 21.75 -11.697734790571133))"
2020-03-05,Cyclone,Moderate,489,56,560,99.2726,"POLYGON ((21.60860039484502 -11.941760370161541, 21.11949051932211 -11.334087156479663, 21 -11.941760370161541, 21.11949051932211 -12, 21.60860039484502 -11.941760370161541))"
2018-05-01,Cyclone,Minor,517,75,675,256.8406,"POLYGON ((21.75 -11.76643728151973, 21.70360914306284 -11.25, 21 -11.76643728151973, 21.70360914306284 -12, 21.75 -11.76643728151973))"
2021-11-29,Landslide,Severe,513,485,4850,1779.1066,"POLYGON ((21.75 -11.994386702162792, 21.084854707857644 -11.267327720434574, 21.156944730718802 -12, 21.75 -11.994386702162792))"
2024-09-04,Flood,Severe,53,500,3000,1163.5168,"POLYGON ((21.75 -11.518116671727249, 21.75 -11.25, 21.254552984116792 -11.25, 21 -11.518116671727249, 21.26863057295563 -11.945534859982684, 21.72046320595538 -11.873295560345, 21.75 -11.518116671727249))"
2021-12-29,Drought,Minor,525,90,450,146.2403,"POLYGON ((21.75 -11.473055698342787, 21.365421567881913 -11.25, 21 -11.473055698342787, 21.365421567881913 -12, 21.75 -11.473055698342787))"
2019-06-11,Flood,Minor,370,75,450,337.3829,"POLYGON ((21.394821322299435 -11.789929353228505, 21.225683159260527 -11.53927762677053, 21 -11.657452009933698, 21 -11.968078492945494, 21.211885714999205 -11.99811691262832, 21.394821322299435 -11.789929353228505))"
2022-02-06,Landslide,Extreme,458,740,2220,2552.9227,"POLYGON ((21.75 -11.998673345232897, 21.316499716689766 -11.470503858981118, 21 -11.274587035206514, 21 -11.998673345232897, 21 -12, 21.364584153717175 -12, 21.75 -11.998673345232897))"
2016-10-25,Landslide,Minor,326,43,387,81.7477,"POLYGON ((21.75 -11.965031507060171, 21.253128784554875 -11.287321802333855, 21 -11.965031507060171, 21.253128784554875 -12, 21.75 -11.965031507060171))"
2018-03-08,Drought,Extreme,342,60,420,224.1514,"POLYGON ((21.75 -11.315260533245626, 21.695962957027245 -11.25, 21.07593015293532 -11.315260533245626, 21.695962957027245 -11.885109012138297, 21.75 -11.315260533245626))"
2019-10-17,Cyclone,Severe,536,410,3690,597.4187,"POLYGON ((21.75 -11.748674256244852, 21.26533636307031 -11.304768519058653, 21.228423284452404 -12, 21.75 -11.748674256244852))"
2021-04-09,Cyclone,Minor,294,28,224,56.7614,"POLYGON ((21.75 -11.704683574146296, 21.24911417909588 -11.25, 21.24891080940409 -12, 21.75 -11.704683574146296))"
2023-07-06,Landslide,Minor,50,71,426,115.0355,"POLYGON ((21.75 -11.520018632324637, 21.75 -11.257499077831001, 21.516695688736327 -11.25, 21.332812694068693 -11.399923765864683, 21.314402650217286 -11.648979308634564, 21.52834095018331 -11.755956609749243, 21.74796266216888 -11.727888149462897, 21.75 -11.520018632324637))"
2020-04-18,Drought,Severe,359,235,1410,1231.8215,"POLYGON ((21.75 -11.991419787425828, 21.635629431692482 -11.616842370474089, 21.335183785751706 -11.991419787425828, 21.635629431692482 -12, 21.75 -11.991419787425828))"
2017-05-02,Drought,Extreme,357,950,3800,2055.1014,"POLYGON ((21.75 -11.783637826554, 21.579157156741214 -11.34738076848248, 21.095472286641556 -11.382128114760562, 21 -11.783637826554, 21.137805646417696 -12, 21.587013083817126 -12, 21.75 -11.783637826554))"
2021-10-19,Drought,Moderate,480,180,1620,423.3224,"POLYGON ((21.496727595739436 -11.701817679646222, 21.252737369460196 -11.273475038264326, 21 -11.503200566390925, 21 -11.930270211189006, 21.22033825243907 -12, 21.496727595739436 -11.701817679646222))"
2021-10-04,Cyclone,Moderate,175,124,992,299.6814,"POLYGON ((21.75 -11.84844808090467, 21.627228788654264 -11.30607110162272, 21.037250517483482 -11.368952719157182, 21 -11.84844808090467, 21 -12, 21.635964691480087 -12, 21.75 -11.84844808090467))"
2015-06-09,Drought,Minor,482,97,873,421.0469,"POLYGON ((21.75 -11.286184768973317, 21.75 -11.25, 21.484581690370796 -11.25, 21.2578080705727 -11.25, 21.251283173722825 -11.429867100512327, 21.496872061919042 -11.517387644301682, 21.71024585240654 -11.487574865712011, 21.75 -11.286184768973317))"
2017-11-05,Flood,Minor,188,11,88,58.959,"POLYGON ((21.44814373088131 -11.549956645967804, 21.192951743091935 -11.25, 21 -11.549956645967804, 21.192951743091935 -11.783986834214332, 21.44814373088131 -11.549956645967804))"
2020-09-28,Flood,Moderate,233,142,426,547.5954,"POLYGON ((21.75 -11.766405452622205, 21.412776961074332 -11.374973617720283, 21 -11.766405452622205, 21.412776961074332 -12, 21.75 -11.766405452622205))"
2022-07-27,Flood,Extreme,132,570,5700,648.5416,"POLYGON ((21.563596171679233 -11.464221932465293, 21.388984952193184 -11.25, 21.117576528949975 -11.25, 21 -11.350793130855363, 21 -11.582393055333037, 21.123549400232463 -11.795042270993719, 21.394903263034585 -11.709805399033293, 21.563596171679233 -11.464221932465293))"
2022-01-03,Cyclone,Minor,480,9,27,40.871,"POLYGON ((21.65587607900853 -11.868983985475348, 21.60158724350563 -11.485026066530047, 21.197868131708017 -11.441708291181591, 21 -11.719877608773228, 21 -12, 21.19813500486751 -12, 21.586062752265857 -12, 21.65587607900853 -11.868983985475348))"
2018-10-29,Landslide,Minor,244,52,416,311.2704,"POLYGON ((21.75 -11.955877471131489, 21.219112354690143 -11.25, 21.30417992937949 -12, 21.75 -11.955877471131489))"
2024-11-01,Cyclone,Extreme,223,960,8640,3016.6699,"POLYGON ((21.75 -11.70382263105118, 21.75 -11.25, 21.247941062215435 -11.25, 21 -11.306163471380005, 21 -12, 21.263760174605007 -12, 21.75 -12, 21.75 -11.70382263105118))"
2023-10-26,Drought,Moderate,375,12,84,65.5072,"POLYGON ((21.536892865322777 -11.600917646109092, 21.20704134847139 -11.295660886109314, 21 -11.368472550752504, 21 -11.832254494516636, 21.242238968059052 -12, 21.536892865322777 -11.600917646109092))"
2017-07-28,Flood,Extreme,64,640,5120,1645.6419,"POLYGON ((21.75 -11.513492189264396, 21.75 -11.25, 21.272437461813407 -11.25, 21 -11.25, 21 -11.954921501576345, 21.324106742448222 -12, 21.75 -12, 21.75 -11.513492189264396))"
2016-02-12,Drought,Minor,363,0,0,0.0,"POLYGON ((21.75 -11.307634790853099, 21 -11.25, 21 -11.917167410051192, 21.75 -11.307634790853099))"
2015-09-03,Flood,Severe,55,415,2490,2061.8346,"POLYGON ((21.75 -11.841188738972791, 21.61831398927517 -11.25, 21 -11.25, 21 -11.455581388883962, 21 -12, 21 -12, 21.63267816224328 -12, 21.75 -11.841188738972791))"
2016-01-15,Drought,Moderate,243,24,168,60.1684,"POLYGON ((21.75 -11.94047547510436, 21.75 -11.343634075059008, 21.189179976351014 -11.45829852120397, 21 -11.94047547510436, 21.13621720537184 -12, 21.75 -12, 21.75 -11.94047547510436))"
2018-01-19,Drought,Extreme,179,660,6600,1314.9792,"POLYGON ((21.75 -11.397024717617088, 21.256891162323175 -11.25, 21.134810567165065 -12, 21.75 -11.397024717617088))"
2017-01-20,Flood,Moderate,152,60,420,266.8158,"POLYGON ((21.75 -11.92143961202193, 21.75 -11.536869146987138, 21.418501420814792 -11.539448324683129, 21.09579454390129 -11.724045115534159, 21.165752426075972 -12, 21.38373543744349 -12, 21.741788196147635 -12, 21.75 -11.92143961202193))"
2016-10-14,Drought,Minor,512,34,102,148.5586,"POLYGON ((21.75 -11.406419715848967, 21.23394054595287 -11.25, 21.33609045607688 -11.807392408458284, 21.75 -11.406419715848967))"
2016-04-24,Drought,Severe,467,65,650,279.302,"POLYGON ((21.75 -11.51109052239359, 21.75 -11.25, 21.011554327783177 -11.25, 21 -11.51109052239359, 21.020843179960494 -12, 21.75 -12, 21.75 -11.51109052239359))"
2019-03-14,Landslide,Moderate,200,164,1148,733.1076,"POLYGON ((21.743922627502126 -11.724310203485517, 21.51313301501901 -11.49385730767281, 21.290995576894872 -11.724310203485517, 21.51313301501901 -11.97211444931604, 21.743922627502126 -11.724310203485517))"
2019-01-14,Cyclone,Severe,157,150,450,520.511,"POLYGON ((21.75 -11.32372242578532, 21.75 -11.25, 21.29726898704644 -11.25, 21 -11.25, 21 -11.641098438105677, 21.320024576958218 -11.98465549753741, 21.75 -11.949445162680464, 21.75 -11.32372242578532))"
2021-06-29,Landslide,Minor,514,12,84,46.6386,"POLYGON ((21.75 -11.339431765105886, 21.75 -11.25, 21 -11.25, 21 -11.864993504560672, 21.75 -12, 21.75 -11.339431765105886))"
2019-08-01,Cyclone,Extreme,431,0,0,0.0,"POLYGON ((21.512127206612924 -11.284433312609652, 21.35553454312334 -11.25, 21.032311340346748 -11.25, 21 -11.25, 21 -11.414725852507978, 21.030201302019623 -11.63480471725188, 21.2946225423673 -11.515727868887788, 21.512127206612924 -11.284433312609652))"
2018-02-27,Drought,Minor,437,49,294,281.589,"POLYGON ((21.75 -11.942739128143845, 21.75 -11.489949009021654, 21.494351876075886 -11.25, 21 -11.613168922393063, 21.096261128127267 -12, 21.53626484326236 -12, 21.75 -12, 21.75 -11.942739128143845))"
2025-02-17,Landslide,Extreme,345,580,2320,3304.741,"POLYGON ((21.75 -11.508051426665087, 21.75 -11.25, 21 -11.25, 21 -12, 21.75 -12, 21.75 -11.508051426665087))"
2018-02-17,Cyclone,Moderate,229,88,440,513.0893,"POLYGON ((21.75 -11.84298615465974, 21.75 -11.363544963664925, 21.18437966135687 -11.318686738072518, 21 -11.84298615465974, 21.163899605951205 -12, 21.75 -12, 21.75 -11.84298615465974))"
2018-12-20,Landslide,Extreme,163,790,3950,1266.6458,"POLYGON ((21.75 -11.325627565775727, 21.75 -11.25, 21.556117108877363 -11.25, 21.45694665584258 -11.325627565775727, 21.598960030568747 -11.551806425416169, 21.75 -11.57087223949464, 21.75 -11.325627565775727))"
2025-04-16,Cyclone,Extreme,264,710,5680,2527.8503,"POLYGON ((21.75 -11.43434283041693, 21.75 -11.25, 21.66220982189683 -11.25, 21.430473162739514 -11.284433419169625, 21.443817644722234 -11.577825877840224, 21.66571083946998 -11.767550268111854, 21.75 -11.702164082433969, 21.75 -11.43434283041693))"
2018-12-11,Drought,Minor,518,29,261,140.9057,"POLYGON ((21.75 -11.28695546076588, 21.298767492066432 -11.25, 21.340067656611552 -11.728877639738169, 21.75 -11.28695546076588))"
